{
  "model": "logreg",
  "class_weight": "balanced",
  "seed": 42,
  "val": {
    "accuracy": 0.9645956816257409,
    "precision": 0.9700370198981952,
    "recall": 0.9533826037521319,
    "f1": 0.9616377085842078,
    "confusion_matrix": [
      [
        9842,
        259
      ],
      [
        410,
        8385
      ]
    ],
    "split": "val"
  },
  "test": {
    "accuracy": 0.7402413058907026,
    "precision": 0.9148531335473897,
    "recall": 0.5994701161069119,
    "f1": 0.7243197439035872,
    "confusion_matrix": [
      [
        8995,
        716
      ],
      [
        5140,
        7693
      ]
    ],
    "split": "test"
  }
}