{
  "model": "logreg",
  "class_weight": "none",
  "seed": 42,
  "val": {
    "accuracy": 0.9641723116003387,
    "precision": 0.9717573221757322,
    "recall": 0.9506537805571348,
    "f1": 0.9610897177998735,
    "confusion_matrix": [
      [
        9858,
        243
      ],
      [
        434,
        8361
      ]
    ],
    "split": "val"
  },
  "test": {
    "accuracy": 0.7355837473385379,
    "precision": 0.9146753560222062,
    "recall": 0.5905867684874931,
    "f1": 0.7177423173445713,
    "confusion_matrix": [
      [
        9004,
        707
      ],
      [
        5254,
        7579
      ]
    ],
    "split": "test"
  }
}