{
  "train_loss": [
    0.11529978876057163,
    0.03137281585115926,
    0.026610879734855306,
    0.02094526845783924,
    0.019419956797331914,
    0.017693493728137732,
    0.016547185841964723,
    0.015850558813049115,
    0.015170371413927741,
    0.015684253340940753,
    0.0144485676752129,
    0.013383204825600667,
    0.012314951620927009,
    0.01246291195546793,
    0.012197470162844715,
    0.012210508378958183,
    0.01113517859935258,
    0.011162477898027164,
    0.010135963046365323,
    0.01087954163578339,
    0.01020694940030764,
    0.010434109122217986,
    0.009648801250885915,
    0.00976703847325981,
    0.009468713667930246,
    0.009755440408684831,
    0.009664950460431683,
    0.009106943336588796,
    0.009177639391690575,
    0.008927146158677351
  ],
  "val_f1": [
    0.989171321098826,
    0.9926253687315634,
    0.99351830793723,
    0.9926211828811443,
    0.994201250710631,
    0.9940378172732951,
    0.9947709446402182,
    0.9943861638786504,
    0.9948787982246501,
    0.9954504094631483,
    0.9951202905129369,
    0.9948286639768142,
    0.9954514441664771,
    0.9957383942269448,
    0.9950045413260672,
    0.9951641349490812,
    0.9957383942269448,
    0.9955631399317406,
    0.9960227272727272,
    0.9957369408287386,
    0.9961372415360146,
    0.9960213709219052,
    0.9963623962714562,
    0.9961959915971158,
    0.9955146766592857,
    0.9964165860872533,
    0.9969318181818182,
    0.99625,
    0.9963061885548673,
    0.9962487211549392
  ]
}