{
  "model": "mlp",
  "imbalance": "pos_weight",
  "seed": 42,
  "hidden": [
    256,
    128,
    64
  ],
  "dropout": 0.2,
  "lr": 0.001,
  "batch_size": 512,
  "epochs_ran": 30,
  "val": {
    "accuracy": 0.9971422523285352,
    "precision": 0.996365701306076,
    "recall": 0.9974985787379193,
    "f1": 0.9969318181818182,
    "confusion_matrix": [
      [
        10069,
        32
      ],
      [
        22,
        8773
      ]
    ]
  },
  "test": {
    "accuracy": 0.7954222853087296,
    "precision": 0.9359423056527734,
    "recall": 0.6876801994857009,
    "f1": 0.7928308328092714,
    "confusion_matrix": [
      [
        9107,
        604
      ],
      [
        4008,
        8825
      ]
    ]
  }
}