{
  "model": "mlp",
  "imbalance": "none",
  "seed": 42,
  "hidden": [
    256,
    128,
    64
  ],
  "dropout": 0.2,
  "lr": 0.001,
  "batch_size": 512,
  "epochs_ran": 30,
  "val": {
    "accuracy": 0.9970364098221846,
    "precision": 0.9974951611066833,
    "recall": 0.9961341671404207,
    "f1": 0.9968141995676414,
    "confusion_matrix": [
      [
        10079,
        22
      ],
      [
        34,
        8761
      ]
    ]
  },
  "test": {
    "accuracy": 0.795111781405252,
    "precision": 0.9444805194805195,
    "recall": 0.6800436374970779,
    "f1": 0.7907398178770444,
    "confusion_matrix": [
      [
        9198,
        513
      ],
      [
        4106,
        8727
      ]
    ]
  }
}